funmap_1,funmap
CRYPTO_UP_REF_1,CRYPTO_UP_REF
CRYPTO_DOWN_REF_1,CRYPTO_DOWN_REF
CRYPTO_UP_REF_2,CRYPTO_UP_REF
CRYPTO_DOWN_REF_2,CRYPTO_DOWN_REF
CRYPTO_UP_REF_3,CRYPTO_UP_REF
CRYPTO_DOWN_REF_3,CRYPTO_DOWN_REF
CRYPTO_UP_REF_4,CRYPTO_UP_REF
CRYPTO_DOWN_REF_4,CRYPTO_DOWN_REF
sk_RSA_PRIME_INFO_num_1,sk_RSA_PRIME_INFO_num
sk_RSA_PRIME_INFO_value_1,sk_RSA_PRIME_INFO_value
sk_RSA_PRIME_INFO_num_2,sk_RSA_PRIME_INFO_num
sk_RSA_PRIME_INFO_value_2,sk_RSA_PRIME_INFO_value
constant_time_msb_1,constant_time_msb
constant_time_msb_2,constant_time_msb
value_barrier_1,value_barrier
constant_time_select_1,constant_time_select
constant_time_select_int_1,constant_time_select_int
constant_time_msb_3,constant_time_msb
constant_time_lt_1,constant_time_lt
constant_time_ge_1,constant_time_ge
constant_time_is_zero_1,constant_time_is_zero
constant_time_eq_1,constant_time_eq
value_barrier_2,value_barrier
constant_time_select_2,constant_time_select
constant_time_select_8_1,constant_time_select_8
constant_time_select_int_2,constant_time_select_int
update_1,update
OSSL_get_core_gettable_params_1,OSSL_get_core_gettable_params
OSSL_get_core_get_params_1,OSSL_get_core_get_params
OSSL_get_core_get_library_context_1,OSSL_get_core_get_library_context
store32_1,store32
params_to_domparams_1,params_to_domparams
domparams_to_params_1,domparams_to_params
params_to_key_1,params_to_key
key_to_params_1,key_to_params
sk_BIGNUM_num_1,sk_BIGNUM_num
params_to_key_2,params_to_key
key_to_params_2,key_to_params
blake2_mac_new_1,blake2_mac_new
blake2_mac_dup_1,blake2_mac_dup
blake2_mac_free_1,blake2_mac_free
blake2_mac_init_1,blake2_mac_init
blake2_mac_update_1,blake2_mac_update
blake2_mac_final_1,blake2_mac_final
blake2_gettable_ctx_params_1,blake2_gettable_ctx_params
blake2_get_ctx_params_1,blake2_get_ctx_params
blake2_mac_settable_ctx_params_1,blake2_mac_settable_ctx_params
blake2_mac_set_ctx_params_1,blake2_mac_set_ctx_params
blake2_mac_size_1,blake2_mac_size
kmac_init_1,kmac_init
sk_ASN1_VALUE_num_1,sk_ASN1_VALUE_num
sk_ASN1_VALUE_new_null_1,sk_ASN1_VALUE_new_null
CRYPTO_UP_REF_5,CRYPTO_UP_REF
CRYPTO_DOWN_REF_5,CRYPTO_DOWN_REF
CRYPTO_UP_REF_6,CRYPTO_UP_REF
CRYPTO_DOWN_REF_6,CRYPTO_DOWN_REF
CRYPTO_UP_REF_7,CRYPTO_UP_REF
constant_time_msb_4,constant_time_msb
constant_time_is_zero_2,constant_time_is_zero
constant_time_eq_2,constant_time_eq
bn_expand_1,bn_expand
constant_time_msb_5,constant_time_msb
constant_time_is_zero_3,constant_time_is_zero
constant_time_eq_3,constant_time_eq
constant_time_eq_int_1,constant_time_eq_int
bn_expand_2,bn_expand
cmac_size_1,cmac_size
sk_X509_new_null_1,sk_X509_new_null
sk_X509_push_1,sk_X509_push
sk_X509_pop_free_1,sk_X509_pop_free
sk_X509_num_1,sk_X509_num
sk_X509_value_1,sk_X509_value
sk_X509_new_null_2,sk_X509_new_null
sk_X509_free_1,sk_X509_free
sk_X509_push_2,sk_X509_push
sk_CMS_RevocationInfoChoice_num_1,sk_CMS_RevocationInfoChoice_num
sk_CMS_RevocationInfoChoice_value_1,sk_CMS_RevocationInfoChoice_value
sk_CMS_CertificateChoices_num_1,sk_CMS_CertificateChoices_num
sk_CMS_CertificateChoices_value_1,sk_CMS_CertificateChoices_value
dh_init_1,dh_init
CRYPTO_UP_REF_8,CRYPTO_UP_REF
CRYPTO_DOWN_REF_7,CRYPTO_DOWN_REF
CRYPTO_UP_REF_9,CRYPTO_UP_REF
CRYPTO_DOWN_REF_8,CRYPTO_DOWN_REF
sk_void_new_null_1,sk_void_new_null
sk_void_free_1,sk_void_free
CRYPTO_UP_REF_10,CRYPTO_UP_REF
CRYPTO_DOWN_REF_9,CRYPTO_DOWN_REF
CRYPTO_UP_REF_11,CRYPTO_UP_REF
CRYPTO_DOWN_REF_10,CRYPTO_DOWN_REF
CRYPTO_UP_REF_12,CRYPTO_UP_REF
CRYPTO_DOWN_REF_11,CRYPTO_DOWN_REF
ec_point_is_compat_1,ec_point_is_compat
CRYPTO_UP_REF_13,CRYPTO_UP_REF
CRYPTO_DOWN_REF_12,CRYPTO_DOWN_REF
CRYPTO_DOWN_REF_13,CRYPTO_DOWN_REF
CRYPTO_UP_REF_14,CRYPTO_UP_REF
bind_helper_1,bind_helper
constant_time_msb_6,constant_time_msb
constant_time_is_zero_4,constant_time_is_zero
constant_time_eq_4,constant_time_eq
constant_time_eq_int_2,constant_time_eq_int
value_barrier_3,value_barrier
constant_time_select_3,constant_time_select
constant_time_select_int_3,constant_time_select_int
err_clear_data_1,err_clear_data
err_set_data_1,err_set_data
err_clear_1,err_clear
sk_X509_num_2,sk_X509_num
sk_X509_value_2,sk_X509_value
ctr64_inc_1,ctr64_inc
aes_xts_cipher_1,aes_xts_cipher
aes_wrap_cipher_1,aes_wrap_cipher
aes_ocb_cipher_1,aes_ocb_cipher
ctr64_inc_2,ctr64_inc
chacha20_poly1305_tls_cipher_1,chacha20_poly1305_tls_cipher
chacha20_poly1305_cipher_1,chacha20_poly1305_cipher
des_ede3_unwrap_1,des_ede3_unwrap
des_ede3_wrap_1,des_ede3_wrap
CRYPTO_UP_REF_15,CRYPTO_UP_REF
CRYPTO_DOWN_REF_14,CRYPTO_DOWN_REF
set_legacy_nid_1,set_legacy_nid
CRYPTO_UP_REF_16,CRYPTO_UP_REF
CRYPTO_DOWN_REF_15,CRYPTO_DOWN_REF
CRYPTO_UP_REF_17,CRYPTO_UP_REF
CRYPTO_DOWN_REF_16,CRYPTO_DOWN_REF
CRYPTO_UP_REF_18,CRYPTO_UP_REF
CRYPTO_DOWN_REF_17,CRYPTO_DOWN_REF
init_1,init
update_2,update
final_1,final
init_2,init
update_3,update
final_2,final
init_3,init
update_4,update
final_3,final
CRYPTO_UP_REF_19,CRYPTO_UP_REF
CRYPTO_DOWN_REF_18,CRYPTO_DOWN_REF
hmac_size_1,hmac_size
.L15_1,.L15
ctr64_inc_3,ctr64_inc
sk_X509_ALGOR_num_1,sk_X509_ALGOR_num
sk_X509_ALGOR_value_1,sk_X509_ALGOR_value
sk_X509_ATTRIBUTE_new_null_1,sk_X509_ATTRIBUTE_new_null
sk_X509_ATTRIBUTE_pop_free_1,sk_X509_ATTRIBUTE_pop_free
sk_X509_ALGOR_num_2,sk_X509_ALGOR_num
sk_X509_ALGOR_value_2,sk_X509_ALGOR_value
sk_X509_ALGOR_push_1,sk_X509_ALGOR_push
sk_X509_new_null_3,sk_X509_new_null
sk_X509_push_3,sk_X509_push
sk_X509_CRL_new_null_1,sk_X509_CRL_new_null
sk_X509_CRL_push_1,sk_X509_CRL_push
poly1305_size_1,poly1305_size
.L15_2,.L15
sk_RSA_PRIME_INFO_num_3,sk_RSA_PRIME_INFO_num
sk_RSA_PRIME_INFO_value_3,sk_RSA_PRIME_INFO_value
sk_BIGNUM_const_num_1,sk_BIGNUM_const_num
sk_BIGNUM_const_value_1,sk_BIGNUM_const_value
sk_BIGNUM_const_new_null_1,sk_BIGNUM_const_new_null
sk_BIGNUM_const_free_1,sk_BIGNUM_const_free
sk_RSA_PRIME_INFO_num_4,sk_RSA_PRIME_INFO_num
sk_RSA_PRIME_INFO_value_4,sk_RSA_PRIME_INFO_value
sk_RSA_PRIME_INFO_value_5,sk_RSA_PRIME_INFO_value
sk_RSA_PRIME_INFO_new_reserve_1,sk_RSA_PRIME_INFO_new_reserve
sk_RSA_PRIME_INFO_push_1,sk_RSA_PRIME_INFO_push
sk_RSA_PRIME_INFO_pop_free_1,sk_RSA_PRIME_INFO_pop_free
constant_time_msb_7,constant_time_msb
constant_time_lt_2,constant_time_lt
constant_time_ge_2,constant_time_ge
constant_time_is_zero_5,constant_time_is_zero
constant_time_eq_5,constant_time_eq
value_barrier_4,value_barrier
constant_time_select_4,constant_time_select
constant_time_select_8_2,constant_time_select_8
constant_time_select_int_4,constant_time_select_int
siphash_size_1,siphash_size
sk_X509_num_3,sk_X509_num
sk_X509_value_3,sk_X509_value
sk_X509_pop_free_2,sk_X509_pop_free
file_ctrl_1,file_ctrl
sk_CONF_VALUE_num_1,sk_CONF_VALUE_num
sk_CONF_VALUE_value_1,sk_CONF_VALUE_value
sk_CONF_VALUE_num_2,sk_CONF_VALUE_num
sk_CONF_VALUE_value_2,sk_CONF_VALUE_value
sk_CONF_VALUE_pop_free_1,sk_CONF_VALUE_pop_free
sk_ASN1_OBJECT_num_1,sk_ASN1_OBJECT_num
sk_ASN1_OBJECT_value_1,sk_ASN1_OBJECT_value
sk_OPENSSL_STRING_push_1,sk_OPENSSL_STRING_push
sk_OPENSSL_STRING_pop_free_1,sk_OPENSSL_STRING_pop_free
sk_CONF_VALUE_num_3,sk_CONF_VALUE_num
sk_CONF_VALUE_value_3,sk_CONF_VALUE_value
sk_CONF_VALUE_pop_free_2,sk_CONF_VALUE_pop_free
sk_GENERAL_NAME_num_1,sk_GENERAL_NAME_num
sk_GENERAL_NAME_value_1,sk_GENERAL_NAME_value
sk_ASN1_TYPE_push_1,sk_ASN1_TYPE_push
sk_X509_ATTRIBUTE_num_1,sk_X509_ATTRIBUTE_num
sk_X509_ATTRIBUTE_value_1,sk_X509_ATTRIBUTE_value
sk_X509_ATTRIBUTE_new_null_2,sk_X509_ATTRIBUTE_new_null
sk_X509_ATTRIBUTE_push_1,sk_X509_ATTRIBUTE_push
sk_X509_num_4,sk_X509_num
sk_X509_value_4,sk_X509_value
sk_X509_free_2,sk_X509_free
CRYPTO_UP_REF_20,CRYPTO_UP_REF
CRYPTO_DOWN_REF_19,CRYPTO_DOWN_REF
sk_X509_new_null_4,sk_X509_new_null
sk_X509_push_4,sk_X509_push
sk_X509_pop_free_3,sk_X509_pop_free
sk_X509_CRL_new_null_2,sk_X509_CRL_new_null
sk_X509_CRL_push_2,sk_X509_CRL_push
sk_X509_CRL_pop_free_1,sk_X509_CRL_pop_free
sk_X509_OBJECT_num_1,sk_X509_OBJECT_num
sk_X509_OBJECT_value_1,sk_X509_OBJECT_value
CRYPTO_UP_REF_21,CRYPTO_UP_REF
sk_X509_EXTENSION_num_1,sk_X509_EXTENSION_num
sk_X509_EXTENSION_value_1,sk_X509_EXTENSION_value
sk_OPENSSL_STRING_num_1,sk_OPENSSL_STRING_num
sk_OPENSSL_STRING_value_1,sk_OPENSSL_STRING_value
sk_X509_num_5,sk_X509_num
sk_X509_value_5,sk_X509_value
sk_X509_new_null_5,sk_X509_new_null
sk_X509_free_3,sk_X509_free
sk_X509_push_5,sk_X509_push
sk_X509_pop_1,sk_X509_pop
sk_X509_pop_free_4,sk_X509_pop_free
sk_X509_dup_1,sk_X509_dup
sk_X509_CRL_pop_free_2,sk_X509_CRL_pop_free
sk_GENERAL_NAME_num_2,sk_GENERAL_NAME_num
sk_GENERAL_NAME_value_2,sk_GENERAL_NAME_value
sk_DIST_POINT_num_1,sk_DIST_POINT_num
sk_DIST_POINT_value_1,sk_DIST_POINT_value
sk_OPENSSL_STRING_num_2,sk_OPENSSL_STRING_num
sk_OPENSSL_STRING_new_null_1,sk_OPENSSL_STRING_new_null
sk_OPENSSL_STRING_free_1,sk_OPENSSL_STRING_free
sk_OPENSSL_STRING_push_2,sk_OPENSSL_STRING_push
sk_OPENSSL_STRING_pop_free_2,sk_OPENSSL_STRING_pop_free
sk_ASN1_OBJECT_num_2,sk_ASN1_OBJECT_num
sk_ASN1_OBJECT_value_2,sk_ASN1_OBJECT_value
sk_ASN1_OBJECT_pop_free_1,sk_ASN1_OBJECT_pop_free
str_free_1,str_free
CRYPTO_UP_REF_22,CRYPTO_UP_REF
sk_X509_REVOKED_num_1,sk_X509_REVOKED_num
sk_X509_REVOKED_value_1,sk_X509_REVOKED_value
sk_X509_NAME_ENTRY_num_1,sk_X509_NAME_ENTRY_num
sk_X509_NAME_ENTRY_value_1,sk_X509_NAME_ENTRY_value
sk_X509_EXTENSION_num_2,sk_X509_EXTENSION_num
sk_X509_EXTENSION_value_2,sk_X509_EXTENSION_value
sk_X509_REVOKED_num_2,sk_X509_REVOKED_num
sk_X509_REVOKED_value_2,sk_X509_REVOKED_value
sk_X509_REVOKED_sort_1,sk_X509_REVOKED_sort
sk_GENERAL_NAME_num_3,sk_GENERAL_NAME_num
sk_GENERAL_NAME_value_3,sk_GENERAL_NAME_value
sk_ASN1_VALUE_num_2,sk_ASN1_VALUE_num
sk_ASN1_VALUE_value_1,sk_ASN1_VALUE_value
sk_X509_NAME_ENTRY_num_2,sk_X509_NAME_ENTRY_num
sk_X509_NAME_ENTRY_value_2,sk_X509_NAME_ENTRY_value
sk_X509_ATTRIBUTE_new_null_3,sk_X509_ATTRIBUTE_new_null
sk_ASN1_OBJECT_new_null_1,sk_ASN1_OBJECT_new_null
sk_ASN1_OBJECT_push_1,sk_ASN1_OBJECT_push
sk_ASN1_OBJECT_pop_free_2,sk_ASN1_OBJECT_pop_free
table_cmp_1,table_cmp
table_cmp_BSEARCH_CMP_FN_1,table_cmp_BSEARCH_CMP_FN
OBJ_bsearch_table_1,OBJ_bsearch_table
sk_X509_ALGOR_num_3,sk_X509_ALGOR_num
sk_X509_ALGOR_value_3,sk_X509_ALGOR_value
sk_ASN1_TYPE_num_1,sk_ASN1_TYPE_num
sk_const_ASN1_VALUE_num_1,sk_const_ASN1_VALUE_num
sk_const_ASN1_VALUE_value_1,sk_const_ASN1_VALUE_value
sk_CMS_RevocationInfoChoice_num_2,sk_CMS_RevocationInfoChoice_num
sk_CMS_RevocationInfoChoice_value_2,sk_CMS_RevocationInfoChoice_value
sk_CMS_CertificateChoices_num_2,sk_CMS_CertificateChoices_num
sk_CMS_CertificateChoices_value_2,sk_CMS_CertificateChoices_value
sk_GENERAL_NAMES_pop_free_1,sk_GENERAL_NAMES_pop_free
sk_CMS_SignerInfo_num_1,sk_CMS_SignerInfo_num
sk_CMS_SignerInfo_value_1,sk_CMS_SignerInfo_value
sk_CMS_RecipientInfo_push_1,sk_CMS_RecipientInfo_push
sk_CONF_VALUE_num_4,sk_CONF_VALUE_num
sk_CONF_VALUE_value_4,sk_CONF_VALUE_value
constant_time_msb_s_1,constant_time_msb_s
value_barrier_5,value_barrier
constant_time_select_5,constant_time_select
constant_time_select_8_3,constant_time_select_8
c448_succeed_if_1,c448_succeed_if
constant_time_msb_32_1,constant_time_msb_32
constant_time_is_zero_32_1,constant_time_is_zero_32
constant_time_msb_32_2,constant_time_msb_32
constant_time_is_zero_32_2,constant_time_is_zero_32
c448_succeed_if_2,c448_succeed_if
sk_CONF_VALUE_num_5,sk_CONF_VALUE_num
sk_CONF_VALUE_value_5,sk_CONF_VALUE_value
sk_ENGINE_value_1,sk_ENGINE_value
sk_ENGINE_new_null_1,sk_ENGINE_new_null
sk_ENGINE_free_1,sk_ENGINE_free
sk_ENGINE_push_1,sk_ENGINE_push
sk_CONF_VALUE_num_6,sk_CONF_VALUE_num
sk_CONF_VALUE_value_6,sk_CONF_VALUE_value
sk_CONF_VALUE_num_7,sk_CONF_VALUE_num
sk_CONF_VALUE_value_7,sk_CONF_VALUE_value
sk_OSSL_PROVIDER_push_1,sk_OSSL_PROVIDER_push
sk_OSSL_PROVIDER_pop_free_1,sk_OSSL_PROVIDER_pop_free
skip_dot_1,skip_dot
sk_X509_new_null_6,sk_X509_new_null
sk_X509_push_6,sk_X509_push
sk_X509_pop_2,sk_X509_pop
sk_X509_pop_free_5,sk_X509_pop_free
sk_X509_ALGOR_push_2,sk_X509_ALGOR_push
poly1305_init_1,poly1305_init
sk_POLICYINFO_num_1,sk_POLICYINFO_num
sk_POLICYINFO_value_1,sk_POLICYINFO_value
sk_POLICYINFO_pop_free_1,sk_POLICYINFO_pop_free
sk_ASN1_OBJECT_new_null_2,sk_ASN1_OBJECT_new_null
sk_ASN1_OBJECT_pop_free_3,sk_ASN1_OBJECT_pop_free
sk_ASN1_OBJECT_push_2,sk_ASN1_OBJECT_push
sk_X509_POLICY_DATA_push_1,sk_X509_POLICY_DATA_push
sk_ASN1_OBJECT_num_3,sk_ASN1_OBJECT_num
sk_ASN1_OBJECT_value_3,sk_ASN1_OBJECT_value
sk_X509_num_6,sk_X509_num
sk_X509_value_6,sk_X509_value
sk_X509_POLICY_DATA_value_1,sk_X509_POLICY_DATA_value
sk_X509_POLICY_DATA_pop_free_1,sk_X509_POLICY_DATA_pop_free
sk_CONF_VALUE_num_8,sk_CONF_VALUE_num
sk_CONF_VALUE_value_8,sk_CONF_VALUE_value
sk_X509_num_7,sk_X509_num
sk_X509_value_7,sk_X509_value
sk_IPAddressFamily_pop_free_1,sk_IPAddressFamily_pop_free
sk_CONF_VALUE_num_9,sk_CONF_VALUE_num
sk_CONF_VALUE_value_9,sk_CONF_VALUE_value
sk_X509_num_8,sk_X509_num
sk_X509_value_8,sk_X509_value
extract_min_max_1,extract_min_max
sk_CONF_VALUE_num_10,sk_CONF_VALUE_num
sk_CONF_VALUE_value_10,sk_CONF_VALUE_value
sk_CONF_VALUE_num_11,sk_CONF_VALUE_num
sk_CONF_VALUE_value_11,sk_CONF_VALUE_value
sk_CONF_VALUE_pop_free_3,sk_CONF_VALUE_pop_free
sk_X509_EXTENSION_pop_free_1,sk_X509_EXTENSION_pop_free
sk_CONF_VALUE_num_12,sk_CONF_VALUE_num
sk_CONF_VALUE_value_12,sk_CONF_VALUE_value
sk_CONF_VALUE_pop_free_4,sk_CONF_VALUE_pop_free
sk_X509_NAME_ENTRY_num_3,sk_X509_NAME_ENTRY_num
sk_X509_NAME_ENTRY_value_3,sk_X509_NAME_ENTRY_value
sk_X509_NAME_ENTRY_pop_free_1,sk_X509_NAME_ENTRY_pop_free
sk_GENERAL_NAME_num_4,sk_GENERAL_NAME_num
sk_GENERAL_NAME_value_4,sk_GENERAL_NAME_value
sk_GENERAL_NAME_push_1,sk_GENERAL_NAME_push
sk_GENERAL_NAME_pop_free_1,sk_GENERAL_NAME_pop_free
sk_DIST_POINT_num_2,sk_DIST_POINT_num
sk_DIST_POINT_value_2,sk_DIST_POINT_value
sk_CONF_VALUE_num_13,sk_CONF_VALUE_num
sk_CONF_VALUE_value_13,sk_CONF_VALUE_value
sk_CONF_VALUE_new_null_1,sk_CONF_VALUE_new_null
sk_CONF_VALUE_pop_free_5,sk_CONF_VALUE_pop_free
sk_ACCESS_DESCRIPTION_num_1,sk_ACCESS_DESCRIPTION_num
sk_ACCESS_DESCRIPTION_value_1,sk_ACCESS_DESCRIPTION_value
sk_X509_EXTENSION_num_3,sk_X509_EXTENSION_num
sk_X509_EXTENSION_value_3,sk_X509_EXTENSION_value
sk_X509_EXTENSION_new_null_1,sk_X509_EXTENSION_new_null
sk_X509_EXTENSION_free_1,sk_X509_EXTENSION_free
sk_X509_EXTENSION_delete_1,sk_X509_EXTENSION_delete
sk_CONF_VALUE_num_14,sk_CONF_VALUE_num
sk_CONF_VALUE_value_14,sk_CONF_VALUE_value
sk_GENERAL_NAME_num_5,sk_GENERAL_NAME_num
sk_GENERAL_NAME_value_5,sk_GENERAL_NAME_value
sk_CONF_VALUE_num_15,sk_CONF_VALUE_num
sk_CONF_VALUE_value_15,sk_CONF_VALUE_value
sk_CONF_VALUE_pop_free_6,sk_CONF_VALUE_pop_free
sk_CONF_VALUE_num_16,sk_CONF_VALUE_num
sk_CONF_VALUE_value_16,sk_CONF_VALUE_value
sk_CONF_VALUE_num_17,sk_CONF_VALUE_num
sk_CONF_VALUE_value_17,sk_CONF_VALUE_value
sk_POLICY_MAPPING_num_1,sk_POLICY_MAPPING_num
sk_POLICY_MAPPING_value_1,sk_POLICY_MAPPING_value
sk_POLICY_MAPPING_pop_free_1,sk_POLICY_MAPPING_pop_free
sk_CONF_VALUE_num_18,sk_CONF_VALUE_num
sk_CONF_VALUE_value_18,sk_CONF_VALUE_value
sk_ASN1_INTEGER_num_1,sk_ASN1_INTEGER_num
sk_ASN1_INTEGER_value_1,sk_ASN1_INTEGER_value
sk_ASN1_INTEGER_push_1,sk_ASN1_INTEGER_push
sk_CONF_VALUE_num_19,sk_CONF_VALUE_num
sk_CONF_VALUE_value_19,sk_CONF_VALUE_value
sk_ASN1_OBJECT_num_4,sk_ASN1_OBJECT_num
sk_ASN1_OBJECT_value_4,sk_ASN1_OBJECT_value
sk_ASN1_TYPE_push_2,sk_ASN1_TYPE_push
sk_ASN1_TYPE_pop_free_1,sk_ASN1_TYPE_pop_free
sk_CONF_VALUE_num_20,sk_CONF_VALUE_num
sk_CONF_VALUE_value_20,sk_CONF_VALUE_value
sk_CONF_VALUE_num_21,sk_CONF_VALUE_num
sk_CONF_VALUE_value_21,sk_CONF_VALUE_value
sk_CONF_VALUE_num_22,sk_CONF_VALUE_num
sk_CONF_VALUE_value_22,sk_CONF_VALUE_value
sk_CONF_VALUE_pop_free_7,sk_CONF_VALUE_pop_free
sk_CONF_VALUE_num_23,sk_CONF_VALUE_num
sk_CONF_VALUE_value_23,sk_CONF_VALUE_value
sk_CONF_VALUE_new_null_2,sk_CONF_VALUE_new_null
sk_CONF_VALUE_free_1,sk_CONF_VALUE_free
sk_CONF_VALUE_push_1,sk_CONF_VALUE_push
sk_BIO_num_1,sk_BIO_num
sk_BIO_new_null_1,sk_BIO_new_null
sk_BIO_free_1,sk_BIO_free
sk_BIO_push_1,sk_BIO_push
str_copy_1,str_copy
sk_ACCESS_DESCRIPTION_num_2,sk_ACCESS_DESCRIPTION_num
sk_ACCESS_DESCRIPTION_value_2,sk_ACCESS_DESCRIPTION_value
sk_X509_POLICY_NODE_num_1,sk_X509_POLICY_NODE_num
sk_X509_POLICY_NODE_value_1,sk_X509_POLICY_NODE_value
sk_ASN1_OBJECT_num_5,sk_ASN1_OBJECT_num
sk_ASN1_OBJECT_value_5,sk_ASN1_OBJECT_value
sk_X509_POLICY_NODE_num_2,sk_X509_POLICY_NODE_num
sk_X509_POLICY_NODE_value_2,sk_X509_POLICY_NODE_value
sk_X509_POLICY_NODE_push_1,sk_X509_POLICY_NODE_push
sk_X509_POLICY_NODE_find_1,sk_X509_POLICY_NODE_find
sk_X509_POLICY_DATA_push_2,sk_X509_POLICY_DATA_push
sk_ASN1_OBJECT_num_6,sk_ASN1_OBJECT_num
sk_ASN1_OBJECT_value_6,sk_ASN1_OBJECT_value
sk_ASN1_OBJECT_pop_free_4,sk_ASN1_OBJECT_pop_free
sk_CONF_VALUE_num_24,sk_CONF_VALUE_num
sk_CONF_VALUE_value_24,sk_CONF_VALUE_value
sk_GENERAL_NAME_push_2,sk_GENERAL_NAME_push
sk_CONF_VALUE_num_25,sk_CONF_VALUE_num
sk_CONF_VALUE_value_25,sk_CONF_VALUE_value
sk_CONF_VALUE_new_null_3,sk_CONF_VALUE_new_null
sk_GENERAL_NAME_num_6,sk_GENERAL_NAME_num
sk_GENERAL_NAME_value_6,sk_GENERAL_NAME_value
sk_GENERAL_NAME_free_1,sk_GENERAL_NAME_free
sk_GENERAL_NAME_push_3,sk_GENERAL_NAME_push
sk_GENERAL_NAME_pop_free_2,sk_GENERAL_NAME_pop_free
sk_CONF_VALUE_num_26,sk_CONF_VALUE_num
sk_CONF_VALUE_value_26,sk_CONF_VALUE_value
sk_ASN1_OBJECT_num_7,sk_ASN1_OBJECT_num
sk_ASN1_OBJECT_value_7,sk_ASN1_OBJECT_value
sk_ASN1_OBJECT_push_3,sk_ASN1_OBJECT_push
sk_ASN1_OBJECT_pop_free_5,sk_ASN1_OBJECT_pop_free
sk_CONF_VALUE_num_27,sk_CONF_VALUE_num
sk_CONF_VALUE_value_27,sk_CONF_VALUE_value
sk_SCT_num_1,sk_SCT_num
sk_SCT_value_1,sk_SCT_value
sk_SCT_num_2,sk_SCT_num
sk_SCT_value_2,sk_SCT_value
sk_SCT_num_3,sk_SCT_num
sk_SCT_value_3,sk_SCT_value
